epoch,accuracy,learning_rate,loss,val_accuracy,val_loss
0,0.1182183027267456,9.999999747378752e-05,2.114370822906494,0.17162108421325684,2.0673575401306152
1,0.11529505252838135,9.599999611964449e-05,2.1035289764404297,0.15160523355007172,2.0824031829833984
2,0.09849873930215836,9.599999611964449e-05,2.0972113609313965,0.04419342055916786,2.081695795059204
